feature,importance
product_width_cm,0.10338481913892435
product_length_cm,0.11062352868227406
product_height_cm,0.12610127462111495
customer_state,0.16391391169276384
product_weight_g,0.19053481887387916
freight_value,0.3054416469910437
